PERMNO,date,NCUSIP,TICKER,COMNAM,CUSIP,BIDLO,ASKHI,PRC,BID,ASK,OPENPRC
19283,4/1/2020,03966V10,ARNC,ARCONIC CORP,03966V10,5.8,15,6.92,6.82,6.88,15
19283,4/2/2020,03966V10,ARNC,ARCONIC CORP,03966V10,6,7.98,6.21,6.22,6.25,7.31
19283,4/3/2020,03966V10,ARNC,ARCONIC CORP,03966V10,6.33,8.1,8.06,8.05,8.06,6.61
19283,4/6/2020,03966V10,ARNC,ARCONIC CORP,03966V10,7.23,9,7.3,7.3,7.33,8.68
19283,4/7/2020,03966V10,ARNC,ARCONIC CORP,03966V10,7.2,7.58,7.3,7.29,7.3,7.5
19283,4/8/2020,03966V10,ARNC,ARCONIC CORP,03966V10,7.2,10.3,10.03,10.05,10.1,7.2
19283,4/9/2020,03966V10,ARNC,ARCONIC CORP,03966V10,10,11.14,10.79,10.81,10.84,10.87
19283,4/13/2020,03966V10,ARNC,ARCONIC CORP,03966V10,9.45,11.84,9.5,9.51,9.52,10.97
19283,4/14/2020,03966V10,ARNC,ARCONIC CORP,03966V10,9.11,10.19,9.66,9.67,9.68,10
19283,4/15/2020,03966V10,ARNC,ARCONIC CORP,03966V10,8.7,9.24,8.89,8.92,8.96,9.12
19283,4/16/2020,03966V10,ARNC,ARCONIC CORP,03966V10,8.06,9.04,8.54,8.51,8.54,8.77
19283,4/17/2020,03966V10,ARNC,ARCONIC CORP,03966V10,8.9,10.2,9.47,9.45,9.46,8.94
19283,4/20/2020,03966V10,ARNC,ARCONIC CORP,03966V10,8.6,9.97,9.76,9.76,9.78,9.01
19283,4/21/2020,03966V10,ARNC,ARCONIC CORP,03966V10,9.2701,9.86,9.31,9.31,9.32,9.49
19283,4/22/2020,03966V10,ARNC,ARCONIC CORP,03966V10,9.29,9.65,9.3,9.3,9.31,9.56
19283,4/23/2020,03966V10,ARNC,ARCONIC CORP,03966V10,8.81,9.5,8.82,8.84,8.88,9.32
19283,4/24/2020,03966V10,ARNC,ARCONIC CORP,03966V10,7.9,8.93,8.04,8.03,8.04,8.82
19283,4/27/2020,03966V10,ARNC,ARCONIC CORP,03966V10,8.1,9.41,9.15,9.15,9.16,8.1
19283,4/28/2020,03966V10,ARNC,ARCONIC CORP,03966V10,7.91,9.8,8.2,8.19,8.2,9.4
19283,4/29/2020,03966V10,ARNC,ARCONIC CORP,03966V10,8.4,8.92,8.81,8.81,8.82,8.64
19283,4/30/2020,03966V10,ARNC,ARCONIC CORP,03966V10,8.32,8.8,8.72,8.71,8.72,8.57
19283,5/1/2020,03966V10,ARNC,ARCONIC CORP,03966V10,8.32,8.69,8.55,8.56,8.57,8.4
19283,5/4/2020,03966V10,ARNC,ARCONIC CORP,03966V10,8.16,9.02,8.88,8.87,8.88,8.2
19283,5/5/2020,03966V10,ARNC,ARCONIC CORP,03966V10,8.512,9.0487,8.84,8.82,8.83,8.94
19283,5/6/2020,03966V10,ARNC,ARCONIC CORP,03966V10,8.3,8.75,8.34,8.34,8.35,8.75
19283,5/7/2020,03966V10,ARNC,ARCONIC CORP,03966V10,8.41,8.825,8.67,8.67,8.68,8.47
19283,5/8/2020,03966V10,ARNC,ARCONIC CORP,03966V10,8.6269,9.12,9.12,9.11,9.12,8.74
19283,5/11/2020,03966V10,ARNC,ARCONIC CORP,03966V10,8.65,9.1,8.78,8.78,8.79,8.94
19283,5/12/2020,03966V10,ARNC,ARCONIC CORP,03966V10,8.5,9.035,8.52,8.52,8.53,8.85
19283,5/13/2020,03966V10,ARNC,ARCONIC CORP,03966V10,8.23,8.6,8.3,8.31,8.32,8.49
19283,5/14/2020,03966V10,ARNC,ARCONIC CORP,03966V10,7.79,8.46,8.33,8.32,8.33,8.13
19283,5/15/2020,03966V10,ARNC,ARCONIC CORP,03966V10,8.0391,8.62,8.34,8.34,8.35,8.21
19283,5/18/2020,03966V10,ARNC,ARCONIC CORP,03966V10,8.6402,9.3,9.27,9.26,9.27,8.68
19283,5/19/2020,03966V10,ARNC,ARCONIC CORP,03966V10,8.98,9.59,9.29,9.32,9.33,9.29
19283,5/20/2020,03966V10,ARNC,ARCONIC CORP,03966V10,9.9,10.83,10.5,10.49,10.5,9.94
19283,5/21/2020,03966V10,ARNC,ARCONIC CORP,03966V10,10.25,11.61,11.28,11.28,11.29,10.4
19283,5/22/2020,03966V10,ARNC,ARCONIC CORP,03966V10,11.54,13.05,12.84,12.85,12.86,11.72
19283,5/26/2020,03966V10,ARNC,ARCONIC CORP,03966V10,12.78,15.7799,13.05,13.03,13.05,14.1
19283,5/27/2020,03966V10,ARNC,ARCONIC CORP,03966V10,13.31,14.21,13.95,13.95,13.96,13.44
19283,5/28/2020,03966V10,ARNC,ARCONIC CORP,03966V10,13.53,14.75,13.73,13.72,13.73,14.51
19283,5/29/2020,03966V10,ARNC,ARCONIC CORP,03966V10,13.33,14.625,14.47,14.43,14.47,13.5
19283,6/1/2020,03966V10,ARNC,ARCONIC CORP,03966V10,14.02,15.06,14.93,14.91,14.93,14.41
19283,6/2/2020,03966V10,ARNC,ARCONIC CORP,03966V10,15.09,16.12,15.95,15.95,15.96,15.13
19283,6/3/2020,03966V10,ARNC,ARCONIC CORP,03966V10,16.16,17.31,17.09,17.08,17.09,16.6
19283,6/4/2020,03966V10,ARNC,ARCONIC CORP,03966V10,16.63,17.9,17.32,17.3,17.31,17.25
19283,6/5/2020,03966V10,ARNC,ARCONIC CORP,03966V10,17.6,18.78,18.69,18.65,18.69,17.8
19283,6/8/2020,03966V10,ARNC,ARCONIC CORP,03966V10,16.27,19.69,18.52,18.51,18.52,19.48
19283,6/9/2020,03966V10,ARNC,ARCONIC CORP,03966V10,17.15,18.6,17.8,17.8,17.81,17.5
19283,6/10/2020,03966V10,ARNC,ARCONIC CORP,03966V10,16.555,17.77,16.76,16.75,16.76,17.46
19283,6/11/2020,03966V10,ARNC,ARCONIC CORP,03966V10,14.71,16.57,15.37,15.37,15.38,15
19283,6/12/2020,03966V10,ARNC,ARCONIC CORP,03966V10,15.92,17.1899,16.48,16.48,16.49,16.5
19283,6/15/2020,03966V10,ARNC,ARCONIC CORP,03966V10,15.25,16.59,16.26,16.26,16.28,15.47
19283,6/16/2020,03966V10,ARNC,ARCONIC CORP,03966V10,16.27,17.18,16.61,16.65,16.66,17.18
19283,6/17/2020,03966V10,ARNC,ARCONIC CORP,03966V10,15.43,16.7499,15.51,15.49,15.5,16.63
19283,6/18/2020,03966V10,ARNC,ARCONIC CORP,03966V10,15.05,15.78,15.74,15.69,15.72,15.26
19283,6/19/2020,03966V10,ARNC,ARCONIC CORP,03966V10,15.0801,15.99,15.4,15.38,15.42,15.99
19283,6/22/2020,03966V10,ARNC,ARCONIC CORP,03966V10,15.335,16.21,15.77,15.73,15.77,15.44
19283,6/23/2020,03966V10,ARNC,ARCONIC CORP,03966V10,15.753,16.37,15.92,15.92,15.94,16.03
19283,6/24/2020,03966V10,ARNC,ARCONIC CORP,03966V10,14.69,15.87,15.05,15.05,15.06,15.71
19283,6/25/2020,03966V10,ARNC,ARCONIC CORP,03966V10,14.75,15.85,15.46,15.44,15.45,14.92
19283,6/26/2020,03966V10,ARNC,ARCONIC CORP,03966V10,13.56,15.33,13.67,13.63,13.64,15.22
19283,6/29/2020,03966V10,ARNC,ARCONIC CORP,03966V10,13.5101,14.3,13.84,13.83,13.85,14.03
19283,6/30/2020,03966V10,ARNC,ARCONIC CORP,03966V10,13.375,14.13,13.93,13.93,13.94,13.83
19283,7/1/2020,03966V10,ARNC,ARCONIC CORP,03966V10,13.19,14.16,13.23,13.23,13.24,13.94
19283,7/2/2020,03966V10,ARNC,ARCONIC CORP,03966V10,12.935,13.76,13.07,13.07,13.09,13.53
19283,7/6/2020,03966V10,ARNC,ARCONIC CORP,03966V10,13.3,14.25,14.19,14.18,14.19,13.45
19283,7/7/2020,03966V10,ARNC,ARCONIC CORP,03966V10,13.7,14.44,14.12,14.12,14.13,13.95
19283,7/8/2020,03966V10,ARNC,ARCONIC CORP,03966V10,13.72,14.65,14.54,14.54,14.56,14.17
19283,7/9/2020,03966V10,ARNC,ARCONIC CORP,03966V10,13.96,14.61,14.07,14.08,14.09,14.51
19283,7/10/2020,03966V10,ARNC,ARCONIC CORP,03966V10,14.02,14.56,14.51,14.5,14.51,14.05
19283,7/13/2020,03966V10,ARNC,ARCONIC CORP,03966V10,14.69,15.688,14.94,14.9,14.94,14.75
19283,7/14/2020,03966V10,ARNC,ARCONIC CORP,03966V10,14.5315,15.74,15.72,15.72,15.73,14.81
19283,7/15/2020,03966V10,ARNC,ARCONIC CORP,03966V10,15.67,16.5,16.41,16.4,16.41,16.27
19283,7/16/2020,03966V10,ARNC,ARCONIC CORP,03966V10,16.276,16.92,16.73,16.73,16.74,16.32
19283,7/17/2020,03966V10,ARNC,ARCONIC CORP,03966V10,16.06,16.88,16.25,16.24,16.25,16.75
19283,7/20/2020,03966V10,ARNC,ARCONIC CORP,03966V10,15.81,16.4,16.25,16.24,16.25,16.04
19283,7/21/2020,03966V10,ARNC,ARCONIC CORP,03966V10,16.185,16.99,16.79,16.78,16.79,16.22
19283,7/22/2020,03966V10,ARNC,ARCONIC CORP,03966V10,16.45,17.32,17.21,17.2,17.21,16.57
19283,7/23/2020,03966V10,ARNC,ARCONIC CORP,03966V10,16.25,17.2137,16.37,16.37,16.39,17.07
19283,7/24/2020,03966V10,ARNC,ARCONIC CORP,03966V10,15.91,16.45,16.35,16.34,16.35,16.23
19283,7/27/2020,03966V10,ARNC,ARCONIC CORP,03966V10,16.06,17.02,17.01,17,17.01,16.42
19283,7/28/2020,03966V10,ARNC,ARCONIC CORP,03966V10,16.71,17.1,16.75,16.74,16.75,16.78
19283,7/29/2020,03966V10,ARNC,ARCONIC CORP,03966V10,16.22,17.1,16.4,16.4,16.42,17.1
19283,7/30/2020,03966V10,ARNC,ARCONIC CORP,03966V10,15.69,16.34,16.28,16.28,16.31,16
19283,7/31/2020,03966V10,ARNC,ARCONIC CORP,03966V10,15.51,16.3,16.29,16.27,16.29,16.1
19283,8/3/2020,03966V10,ARNC,ARCONIC CORP,03966V10,16.05,17.26,17.26,17.25,17.26,16.38
19283,8/4/2020,03966V10,ARNC,ARCONIC CORP,03966V10,15.7101,17.59,17.46,17.45,17.47,16.65
19283,8/5/2020,03966V10,ARNC,ARCONIC CORP,03966V10,17.76,19.69,19.64,19.63,19.64,17.84
19283,8/6/2020,03966V10,ARNC,ARCONIC CORP,03966V10,19.07,20.58,20.34,20.35,20.36,19.4
19283,8/7/2020,03966V10,ARNC,ARCONIC CORP,03966V10,18.91,20.1,19.95,19.94,19.95,20.08
19283,8/10/2020,03966V10,ARNC,ARCONIC CORP,03966V10,20.03,23.1699,21.13,21.13,21.14,20.05
19283,8/11/2020,03966V10,ARNC,ARCONIC CORP,03966V10,21.425,23.15,22.11,22.11,22.13,21.78
19283,8/12/2020,03966V10,ARNC,ARCONIC CORP,03966V10,22.14,22.9,22.76,22.72,22.73,22.4
19283,8/13/2020,03966V10,ARNC,ARCONIC CORP,03966V10,21.74,22.66,22.13,22.12,22.13,22.51
19283,8/14/2020,03966V10,ARNC,ARCONIC CORP,03966V10,21.73,22.515,22.1,22.1,22.11,21.92
19283,8/17/2020,03966V10,ARNC,ARCONIC CORP,03966V10,22.2,23.1,22.64,22.63,22.64,22.29
19283,8/18/2020,03966V10,ARNC,ARCONIC CORP,03966V10,22.6,23.29,23.08,23.1,23.11,22.85
19283,8/19/2020,03966V10,ARNC,ARCONIC CORP,03966V10,22.87,23.7,23,23,23.01,23.12
19283,8/20/2020,03966V10,ARNC,ARCONIC CORP,03966V10,22.43,23.34,22.94,22.94,22.95,22.57
19283,8/21/2020,03966V10,ARNC,ARCONIC CORP,03966V10,21.9,23.22,22.29,22.29,22.3,22.58
19283,8/24/2020,03966V10,ARNC,ARCONIC CORP,03966V10,22.32,22.91,22.7,22.7,22.71,22.49
19283,8/25/2020,03966V10,ARNC,ARCONIC CORP,03966V10,22.35,23.19,23.05,23.15,23.16,22.82
19283,8/26/2020,03966V10,ARNC,ARCONIC CORP,03966V10,22.35,23.59,22.39,22.39,22.41,23.05
19283,8/27/2020,03966V10,ARNC,ARCONIC CORP,03966V10,22.01,22.97,22.84,22.83,22.86,22.48
19283,8/28/2020,03966V10,ARNC,ARCONIC CORP,03966V10,22.68,23.21,22.97,22.96,22.97,22.85
19283,8/31/2020,03966V10,ARNC,ARCONIC CORP,03966V10,22.2,23.05,22.25,22.25,22.26,22.85
19283,9/1/2020,03966V10,ARNC,ARCONIC CORP,03966V10,22.1,22.88,22.72,22.73,22.74,22.2
19283,9/2/2020,03966V10,ARNC,ARCONIC CORP,03966V10,22.05,22.72,22.55,22.54,22.55,22.72
19283,9/3/2020,03966V10,ARNC,ARCONIC CORP,03966V10,21.45,22.98,21.86,21.86,21.88,22.47
19283,9/4/2020,03966V10,ARNC,ARCONIC CORP,03966V10,21.045,22.23,21.46,21.45,21.46,22.21
19283,9/8/2020,03966V10,ARNC,ARCONIC CORP,03966V10,20.85,22.35,21.4,21.39,21.4,21
19283,9/9/2020,03966V10,ARNC,ARCONIC CORP,03966V10,20.67,22.3,21.15,21.15,21.16,22.3
19283,9/10/2020,03966V10,ARNC,ARCONIC CORP,03966V10,19.515,21.15,19.65,19.65,19.66,21.15
19283,9/11/2020,03966V10,ARNC,ARCONIC CORP,03966V10,18.93,19.83,19.06,19.06,19.07,19.83
19283,9/14/2020,03966V10,ARNC,ARCONIC CORP,03966V10,19.6,20.66,20.34,20.34,20.35,20.22
19283,9/15/2020,03966V10,ARNC,ARCONIC CORP,03966V10,20.04,20.74,20.51,20.51,20.54,20.49
19283,9/16/2020,03966V10,ARNC,ARCONIC CORP,03966V10,20.21,21.8,21.29,21.29,21.31,20.54
19283,9/17/2020,03966V10,ARNC,ARCONIC CORP,03966V10,20.42,21.3,21.18,21.19,21.19,20.85
19283,9/18/2020,03966V10,ARNC,ARCONIC CORP,03966V10,20.7,22.35,21.02,21.02,21.06,21.57
19283,9/21/2020,03966V10,ARNC,ARCONIC CORP,03966V10,19.11,20.3785,19.17,19.17,19.18,20.28
19283,9/22/2020,03966V10,ARNC,ARCONIC CORP,03966V10,18.44,19.56,18.63,18.63,18.64,19.29
19283,9/23/2020,03966V10,ARNC,ARCONIC CORP,03966V10,18.74,20.31,18.89,18.89,18.9,18.95
19283,9/24/2020,03966V10,ARNC,ARCONIC CORP,03966V10,18.31,19.19,18.78,18.77,18.78,18.87
19283,9/25/2020,03966V10,ARNC,ARCONIC CORP,03966V10,18.22,18.81,18.3,18.3,18.31,18.49
19283,9/28/2020,03966V10,ARNC,ARCONIC CORP,03966V10,18.5894,20.21,20.06,20.06,20.07,18.77
19283,9/29/2020,03966V10,ARNC,ARCONIC CORP,03966V10,19.17,20.14,19.64,19.63,19.65,19.9
19283,9/30/2020,03966V10,ARNC,ARCONIC CORP,03966V10,18.69,20.25,19.05,19.05,19.06,19.6
19283,10/1/2020,03966V10,ARNC,ARCONIC CORP,03966V10,18.57,19.81,18.83,18.82,18.83,19.18
19283,10/2/2020,03966V10,ARNC,ARCONIC CORP,03966V10,18.15,19.8,19.52,19.52,19.53,18.34
19283,10/5/2020,03966V10,ARNC,ARCONIC CORP,03966V10,19.59,20.84,20.68,20.68,20.69,19.73
19283,10/6/2020,03966V10,ARNC,ARCONIC CORP,03966V10,20.35,21.47,20.37,20.37,20.38,20.98
19283,10/7/2020,03966V10,ARNC,ARCONIC CORP,03966V10,20.66,21.75,21.39,21.39,21.41,20.66
19283,10/8/2020,03966V10,ARNC,ARCONIC CORP,03966V10,21.23,22.075,21.94,21.94,21.95,21.56
19283,10/9/2020,03966V10,ARNC,ARCONIC CORP,03966V10,21.9,22.73,22.67,22.66,22.67,22.25
19283,10/12/2020,03966V10,ARNC,ARCONIC CORP,03966V10,22.03,22.8999,22.27,22.27,22.28,22.7
19283,10/13/2020,03966V10,ARNC,ARCONIC CORP,03966V10,21.71,22.34,21.92,21.91,21.92,22.06
19283,10/14/2020,03966V10,ARNC,ARCONIC CORP,03966V10,21.97,22.565,22.48,22.49,22.5,22
19283,10/15/2020,03966V10,ARNC,ARCONIC CORP,03966V10,21.72,23.34,23.15,23.13,23.15,21.9
19283,10/16/2020,03966V10,ARNC,ARCONIC CORP,03966V10,22.85,23.56,23.17,23.17,23.18,23.08
19283,10/19/2020,03966V10,ARNC,ARCONIC CORP,03966V10,23.18,23.86,23.29,23.29,23.3,23.23
19283,10/20/2020,03966V10,ARNC,ARCONIC CORP,03966V10,23.345,24.65,23.76,23.76,23.77,23.5
19283,10/21/2020,03966V10,ARNC,ARCONIC CORP,03966V10,23.3,24.05,23.31,23.31,23.32,23.76
19283,10/22/2020,03966V10,ARNC,ARCONIC CORP,03966V10,22.78,23.93,23.75,23.76,23.77,23.44
19283,10/23/2020,03966V10,ARNC,ARCONIC CORP,03966V10,23.56,24.72,23.89,23.89,23.9,24.04
19283,10/26/2020,03966V10,ARNC,ARCONIC CORP,03966V10,23.15,23.97,23.44,23.47,23.48,23.5
19283,10/27/2020,03966V10,ARNC,ARCONIC CORP,03966V10,22.89,23.49,23.07,23.06,23.07,23.34
19283,10/28/2020,03966V10,ARNC,ARCONIC CORP,03966V10,21.15,22.36,21.19,21.19,21.21,22.36
19283,10/29/2020,03966V10,ARNC,ARCONIC CORP,03966V10,20.88,22.05,21.91,21.91,21.92,20.96
19283,10/30/2020,03966V10,ARNC,ARCONIC CORP,03966V10,21.14,22.5197,21.74,21.74,21.75,21.74
19283,11/2/2020,03966V10,ARNC,ARCONIC CORP,03966V10,21.72,22.62,22.56,22.56,22.58,22.08
19283,11/3/2020,03966V10,ARNC,ARCONIC CORP,03966V10,22.61,24.36,24.05,24.04,24.05,23.09
19283,11/4/2020,03966V10,ARNC,ARCONIC CORP,03966V10,21.22,23.74,23.54,23.51,23.52,23.43
19283,11/5/2020,03966V10,ARNC,ARCONIC CORP,03966V10,23.66,25.98,25.36,25.34,25.36,23.66
19283,11/6/2020,03966V10,ARNC,ARCONIC CORP,03966V10,24.495,26.15,25.35,25.35,25.36,25.26
19283,11/9/2020,03966V10,ARNC,ARCONIC CORP,03966V10,26.1,29,26.22,26.22,26.25,27.46
19283,11/10/2020,03966V10,ARNC,ARCONIC CORP,03966V10,26.23,28.3,28.19,28.18,28.19,26.64
19283,11/11/2020,03966V10,ARNC,ARCONIC CORP,03966V10,26.76,28.45,27.93,27.91,27.92,28.21
19283,11/12/2020,03966V10,ARNC,ARCONIC CORP,03966V10,26.93,27.81,27.2,27.2,27.21,27.56
19283,11/13/2020,03966V10,ARNC,ARCONIC CORP,03966V10,27.48,28.51,28.36,28.36,28.37,27.69
19283,11/16/2020,03966V10,ARNC,ARCONIC CORP,03966V10,28.72,29.945,29.29,29.29,29.3,29.12
19283,11/17/2020,03966V10,ARNC,ARCONIC CORP,03966V10,28.46,29.61,29.34,29.34,29.35,28.84
19283,11/18/2020,03966V10,ARNC,ARCONIC CORP,03966V10,28.41,29.54,28.41,28.41,28.42,29.54
19283,11/19/2020,03966V10,ARNC,ARCONIC CORP,03966V10,28.0425,29.1532,28.56,28.61,28.62,28.18
19283,11/20/2020,03966V10,ARNC,ARCONIC CORP,03966V10,27.61,28.58,28.07,28.07,28.08,28.5
19283,11/23/2020,03966V10,ARNC,ARCONIC CORP,03966V10,28.1,28.89,28.38,28.38,28.39,28.45
19283,11/24/2020,03966V10,ARNC,ARCONIC CORP,03966V10,28.42,29,28.82,28.82,28.83,28.76
19283,11/25/2020,03966V10,ARNC,ARCONIC CORP,03966V10,27.9603,29.5,29.25,29.25,29.26,28.51
19283,11/27/2020,03966V10,ARNC,ARCONIC CORP,03966V10,28.3219,29.3,28.75,28.76,28.77,29.09
19283,11/30/2020,03966V10,ARNC,ARCONIC CORP,03966V10,27.3,28.57,27.51,27.51,27.52,28.36
19283,12/1/2020,03966V10,ARNC,ARCONIC CORP,03966V10,27.86,29.98,29.71,29.7,29.71,28.19
24643,1/2/2019,03965L10,ARNC,ARCONIC INC,44320110,16.54,18.6,18.56,18.56,18.57,16.65
24643,1/3/2019,03965L10,ARNC,ARCONIC INC,44320110,18,18.62,18.43,18.43,18.44,18.59
24643,1/4/2019,03965L10,ARNC,ARCONIC INC,44320110,18.62,19.35,18.96,18.95,18.96,18.67
24643,1/7/2019,03965L10,ARNC,ARCONIC INC,44320110,18.78,19.5,19.41,19.4,19.41,18.93
24643,1/8/2019,03965L10,ARNC,ARCONIC INC,44320110,19.43,19.76,19.47,19.48,19.49,19.63
24643,1/9/2019,03965L10,ARNC,ARCONIC INC,44320110,19.47,19.82,19.52,19.51,19.52,19.72
24643,1/10/2019,03965L10,ARNC,ARCONIC INC,44320110,18.95,19.72,19.61,19.59,19.6,19.43
24643,1/11/2019,03965L10,ARNC,ARCONIC INC,44320110,19.35,19.79,19.68,19.67,19.68,19.35
24643,1/14/2019,03965L10,ARNC,ARCONIC INC,44320110,19.04,19.53,19.37,19.36,19.37,19.29
24643,1/15/2019,03965L10,ARNC,ARCONIC INC,44320110,19.03,20.3,20.07,20.07,20.08,19.33
24643,1/16/2019,03965L10,ARNC,ARCONIC INC,44320110,19.83,20.37,20.1,20.09,20.1,20.1
24643,1/17/2019,03965L10,ARNC,ARCONIC INC,44320110,20,20.37,20.18,20.18,20.19,20
24643,1/18/2019,03965L10,ARNC,ARCONIC INC,44320110,20.22,20.61,20.34,20.34,20.35,20.37
24643,1/22/2019,03965L10,ARNC,ARCONIC INC,44320110,16.1201,17.49,17.09,17.08,17.09,16.7
24643,1/23/2019,03965L10,ARNC,ARCONIC INC,44320110,17.28,18.3,18.05,18.04,18.05,17.28
24643,1/24/2019,03965L10,ARNC,ARCONIC INC,44320110,17.59,18.56,18.4,18.39,18.4,18.05
24643,1/25/2019,03965L10,ARNC,ARCONIC INC,44320110,18.5,18.9,18.54,18.52,18.53,18.6
24643,1/28/2019,03965L10,ARNC,ARCONIC INC,44320110,18.055,18.52,18.26,18.25,18.26,18.3
24643,1/29/2019,03965L10,ARNC,ARCONIC INC,44320110,18.315,18.679,18.39,18.39,18.4,18.4
24643,1/30/2019,03965L10,ARNC,ARCONIC INC,44320110,18.3,18.93,18.71,18.69,18.7,18.65
24643,1/31/2019,03965L10,ARNC,ARCONIC INC,44320110,18.6233,18.95,18.82,18.81,18.82,18.64
24643,2/1/2019,03965L10,ARNC,ARCONIC INC,44320110,18.405,18.99,18.5,18.5,18.51,18.88
24643,2/4/2019,03965L10,ARNC,ARCONIC INC,44320110,18.34,18.74,18.73,18.72,18.73,18.51
24643,2/5/2019,03965L10,ARNC,ARCONIC INC,44320110,18.675,18.99,18.81,18.79,18.8,18.76
24643,2/6/2019,03965L10,ARNC,ARCONIC INC,44320110,17.85,18.87,18.32,18.31,18.32,18.36
24643,2/7/2019,03965L10,ARNC,ARCONIC INC,44320110,17.34,18.28,17.68,17.68,17.69,18.23
24643,2/8/2019,03965L10,ARNC,ARCONIC INC,44320110,16.66,18.2,17.1,17.1,17.11,18.1
24643,2/11/2019,03965L10,ARNC,ARCONIC INC,44320110,17.3,17.94,17.49,17.49,17.5,17.3
24643,2/12/2019,03965L10,ARNC,ARCONIC INC,44320110,17.6,18.05,17.92,17.92,17.93,17.6
24643,2/13/2019,03965L10,ARNC,ARCONIC INC,44320110,17.88,18.25,17.89,17.89,17.9,18
24643,2/14/2019,03965L10,ARNC,ARCONIC INC,44320110,17.46,17.875,17.49,17.48,17.49,17.84
24643,2/15/2019,03965L10,ARNC,ARCONIC INC,44320110,17.51,17.84,17.55,17.55,17.56,17.63
24643,2/19/2019,03965L10,ARNC,ARCONIC INC,44320110,17.7,18.25,18.06,18.05,18.06,17.72
24643,2/20/2019,03965L10,ARNC,ARCONIC INC,44320110,17.98,18.56,18.39,18.38,18.39,18.06
24643,2/21/2019,03965L10,ARNC,ARCONIC INC,44320110,18.175,18.565,18.24,18.23,18.24,18.35
24643,2/22/2019,03965L10,ARNC,ARCONIC INC,44320110,17.93,18.4,18.28,18.28,18.29,18.35
24643,2/25/2019,03965L10,ARNC,ARCONIC INC,44320110,18.24,18.5,18.41,18.4,18.41,18.35
24643,2/26/2019,03965L10,ARNC,ARCONIC INC,44320110,18.25,18.69,18.42,18.42,18.43,18.35
24643,2/27/2019,03965L10,ARNC,ARCONIC INC,44320110,18.38,18.775,18.63,18.62,18.63,18.38
24643,2/28/2019,03965L10,ARNC,ARCONIC INC,44320110,18.41,18.68,18.49,18.48,18.49,18.54
24643,3/1/2019,03965L10,ARNC,ARCONIC INC,44320110,18.3801,18.73,18.7,18.7,18.71,18.61
24643,3/4/2019,03965L10,ARNC,ARCONIC INC,44320110,18.45,19.16,18.49,18.49,18.5,18.88
24643,3/5/2019,03965L10,ARNC,ARCONIC INC,44320110,18.45,18.82,18.61,18.61,18.62,18.54
24643,3/6/2019,03965L10,ARNC,ARCONIC INC,44320110,18.52,18.945,18.61,18.6,18.61,18.61
24643,3/7/2019,03965L10,ARNC,ARCONIC INC,44320110,18.03,18.6197,18.32,18.31,18.32,18.56
24643,3/8/2019,03965L10,ARNC,ARCONIC INC,44320110,18.11,18.72,18.49,18.48,18.49,18.21
24643,3/11/2019,03965L10,ARNC,ARCONIC INC,44320110,18.22,18.9271,18.81,18.81,18.82,18.24
24643,3/12/2019,03965L10,ARNC,ARCONIC INC,44320110,18.635,18.95,18.87,18.87,18.88,18.8
24643,3/13/2019,03965L10,ARNC,ARCONIC INC,44320110,18.85,19.105,18.95,18.95,18.96,18.92
24643,3/14/2019,03965L10,ARNC,ARCONIC INC,44320110,18.91,19.205,18.95,18.94,18.95,18.91
24643,3/15/2019,03965L10,ARNC,ARCONIC INC,44320110,18.86,19.1172,18.99,18.98,18.99,18.93
24643,3/18/2019,03965L10,ARNC,ARCONIC INC,44320110,18.95,19.34,19.23,19.2,19.21,19.03
24643,3/19/2019,03965L10,ARNC,ARCONIC INC,44320110,19.015,19.475,19.12,19.12,19.13,19.28
24643,3/20/2019,03965L10,ARNC,ARCONIC INC,44320110,18.96,19.21,19.08,19.06,19.07,19.08
24643,3/21/2019,03965L10,ARNC,ARCONIC INC,44320110,18.95,19.3,19.2,19.2,19.21,18.95
24643,3/22/2019,03965L10,ARNC,ARCONIC INC,44320110,18.435,19.22,18.72,18.71,18.72,19.06
24643,3/25/2019,03965L10,ARNC,ARCONIC INC,44320110,18.58,18.99,18.6,18.6,18.61,18.68
24643,3/26/2019,03965L10,ARNC,ARCONIC INC,44320110,18.595,18.93,18.8,18.8,18.81,18.78
24643,3/27/2019,03965L10,ARNC,ARCONIC INC,44320110,18.73,19.07,18.92,18.92,18.93,18.85
24643,3/28/2019,03965L10,ARNC,ARCONIC INC,44320110,18.895,19.21,19.13,19.12,19.13,18.98
24643,3/29/2019,03965L10,ARNC,ARCONIC INC,44320110,19.06,19.49,19.11,19.11,19.12,19.25
24643,4/1/2019,03965L10,ARNC,ARCONIC INC,44320110,19.27,19.68,19.66,19.65,19.66,19.35
24643,4/2/2019,03965L10,ARNC,ARCONIC INC,44320110,19.57,19.89,19.75,19.75,19.76,19.64
24643,4/3/2019,03965L10,ARNC,ARCONIC INC,44320110,19.46,19.92,19.58,19.58,19.59,19.88
24643,4/4/2019,03965L10,ARNC,ARCONIC INC,44320110,19.54,19.91,19.87,19.86,19.87,19.55
24643,4/5/2019,03965L10,ARNC,ARCONIC INC,44320110,19.9,20.17,20.11,20.09,20.1,19.94
24643,4/8/2019,03965L10,ARNC,ARCONIC INC,44320110,19.77,20.33,20.26,20.25,20.26,19.96
24643,4/9/2019,03965L10,ARNC,ARCONIC INC,44320110,19.795,20.1,20,20,20.01,20.09
24643,4/10/2019,03965L10,ARNC,ARCONIC INC,44320110,19.99,20.28,20.08,20.09,20.1,20
24643,4/11/2019,03965L10,ARNC,ARCONIC INC,44320110,20.08,20.47,20.37,20.38,20.39,20.11
24643,4/12/2019,03965L10,ARNC,ARCONIC INC,44320110,20.49,20.795,20.71,20.7,20.71,20.54
24643,4/15/2019,03965L10,ARNC,ARCONIC INC,44320110,20.5334,20.8,20.55,20.55,20.56,20.7
24643,4/16/2019,03965L10,ARNC,ARCONIC INC,44320110,20.555,20.84,20.68,20.68,20.69,20.68
24643,4/17/2019,03965L10,ARNC,ARCONIC INC,44320110,19.68,20.18,19.92,19.9,19.91,20
24643,4/18/2019,03965L10,ARNC,ARCONIC INC,44320110,19.94,20.16,20.04,20.03,20.04,19.98
24643,4/22/2019,03965L10,ARNC,ARCONIC INC,44320110,19.89,20.34,20.28,20.27,20.28,19.93
24643,4/23/2019,03965L10,ARNC,ARCONIC INC,44320110,20.37,20.78,20.68,20.68,20.69,20.4
24643,4/24/2019,03965L10,ARNC,ARCONIC INC,44320110,20.73,21.26,21.1,21.08,21.09,20.77
24643,4/25/2019,03965L10,ARNC,ARCONIC INC,44320110,20.61,21.055,20.64,20.63,20.64,21
24643,4/26/2019,03965L10,ARNC,ARCONIC INC,44320110,20.51,20.72,20.68,20.68,20.69,20.6
24643,4/29/2019,03965L10,ARNC,ARCONIC INC,44320110,20.66,20.89,20.7,20.69,20.7,20.68
24643,4/30/2019,03965L10,ARNC,ARCONIC INC,44320110,20.72,21.52,21.48,21.46,21.47,21.3
24643,5/1/2019,03965L10,ARNC,ARCONIC INC,44320110,21.44,22.155,21.46,21.45,21.46,21.5
24643,5/2/2019,03965L10,ARNC,ARCONIC INC,44320110,21.77,22.21,21.91,21.9,21.91,21.92
24643,5/3/2019,03965L10,ARNC,ARCONIC INC,44320110,21.77,22.44,22.41,22.4,22.41,21.98
24643,5/6/2019,03965L10,ARNC,ARCONIC INC,44320110,21.81,22.465,22.39,22.39,22.4,21.88
24643,5/7/2019,03965L10,ARNC,ARCONIC INC,44320110,22.04,22.53,22.29,22.29,22.3,22.27
24643,5/8/2019,03965L10,ARNC,ARCONIC INC,44320110,22.13,22.67,22.39,22.41,22.42,22.24
24643,5/9/2019,03965L10,ARNC,ARCONIC INC,44320110,21.875,22.24,22.09,22.08,22.09,22.17
24643,5/10/2019,03965L10,ARNC,ARCONIC INC,44320110,21.76,22.57,22.48,22.49,22.5,21.94
24643,5/13/2019,03965L10,ARNC,ARCONIC INC,44320110,21.435,22.085,21.51,21.51,21.52,21.9
24643,5/14/2019,03965L10,ARNC,ARCONIC INC,44320110,21.54,22.1,21.86,21.85,21.86,21.64
24643,5/15/2019,03965L10,ARNC,ARCONIC INC,44320110,21.64,22.11,22.01,22,22.01,21.64
24643,5/16/2019,03965L10,ARNC,ARCONIC INC,44320110,22.04,22.355,22.12,22.12,22.13,22.12
24643,5/17/2019,03965L10,ARNC,ARCONIC INC,44320110,21.75,22.32,21.96,21.95,21.96,21.82
24643,5/20/2019,03965L10,ARNC,ARCONIC INC,44320110,21.82,22.1685,22.01,22,22.01,21.91
24643,5/21/2019,03965L10,ARNC,ARCONIC INC,44320110,22.08,22.38,22.38,22.37,22.38,22.11
24643,5/22/2019,03965L10,ARNC,ARCONIC INC,44320110,22.35,22.6357,22.37,22.36,22.38,22.4
24643,5/23/2019,03965L10,ARNC,ARCONIC INC,44320110,21.985,22.3416,22.21,22.21,22.22,22.07
24643,5/24/2019,03965L10,ARNC,ARCONIC INC,44320110,22.14,22.52,22.25,22.26,22.27,22.33
24643,5/28/2019,03965L10,ARNC,ARCONIC INC,44320110,22.13,22.415,22.14,22.13,22.14,22.24
24643,5/29/2019,03965L10,ARNC,ARCONIC INC,44320110,21.7,22.14,22.03,22.02,22.03,21.94
24643,5/30/2019,03965L10,ARNC,ARCONIC INC,44320110,21.92,22.17,22,22,22.01,22.02
24643,5/31/2019,03965L10,ARNC,ARCONIC INC,44320110,21.83,22.045,21.9,21.92,21.93,21.84
24643,6/3/2019,03965L10,ARNC,ARCONIC INC,44320110,21.755,22.15,22.12,22.11,22.12,21.88
24643,6/4/2019,03965L10,ARNC,ARCONIC INC,44320110,22.14,22.59,22.55,22.53,22.54,22.22
24643,6/5/2019,03965L10,ARNC,ARCONIC INC,44320110,22.585,22.98,22.98,22.97,22.98,22.6
24643,6/6/2019,03965L10,ARNC,ARCONIC INC,44320110,22.89,23.37,23.28,23.28,23.29,23
24643,6/7/2019,03965L10,ARNC,ARCONIC INC,44320110,23.27,23.61,23.54,23.53,23.54,23.32
24643,6/10/2019,03965L10,ARNC,ARCONIC INC,44320110,23.26,23.885,23.29,23.28,23.29,23.71
24643,6/11/2019,03965L10,ARNC,ARCONIC INC,44320110,22.74,23.5,23.01,23,23.01,23.44
24643,6/12/2019,03965L10,ARNC,ARCONIC INC,44320110,22.56,23.04,22.66,22.65,22.66,23
24643,6/13/2019,03965L10,ARNC,ARCONIC INC,44320110,22.685,23.2,23.19,23.19,23.2,22.8
24643,6/14/2019,03965L10,ARNC,ARCONIC INC,44320110,22.905,23.12,22.98,22.98,22.99,23.12
24643,6/17/2019,03965L10,ARNC,ARCONIC INC,44320110,22.68,23,22.88,22.87,22.88,22.97
24643,6/18/2019,03965L10,ARNC,ARCONIC INC,44320110,22.92,23.6,23.53,23.53,23.54,23
24643,6/19/2019,03965L10,ARNC,ARCONIC INC,44320110,23.47,23.76,23.69,23.68,23.69,23.56
24643,6/20/2019,03965L10,ARNC,ARCONIC INC,44320110,23.87,24.16,24.15,24.14,24.15,23.98
24643,6/21/2019,03965L10,ARNC,ARCONIC INC,44320110,24.08,24.7,24.33,24.35,24.36,24.13
24643,6/24/2019,03965L10,ARNC,ARCONIC INC,44320110,24.265,24.57,24.3,24.3,24.31,24.39
24643,6/25/2019,03965L10,ARNC,ARCONIC INC,44320110,24.16,24.605,24.39,24.4,24.42,24.39
24643,6/26/2019,03965L10,ARNC,ARCONIC INC,44320110,24.4136,24.97,24.89,24.88,24.89,24.52
24643,6/27/2019,03965L10,ARNC,ARCONIC INC,44320110,24.745,25.42,25.39,25.38,25.39,24.89
24643,6/28/2019,03965L10,ARNC,ARCONIC INC,44320110,25.36,25.83,25.82,25.8,25.81,25.42
24643,7/1/2019,03965L10,ARNC,ARCONIC INC,44320110,26.04,26.4,26.08,26.08,26.1,26.2
24643,7/2/2019,03965L10,ARNC,ARCONIC INC,44320110,25.94,26.335,26.15,26.15,26.16,26.11
24643,7/3/2019,03965L10,ARNC,ARCONIC INC,44320110,25.84,26.24,25.87,25.86,25.87,26.24
24643,7/5/2019,03965L10,ARNC,ARCONIC INC,44320110,25.58,26.11,26.1,26.09,26.1,25.76
24643,7/8/2019,03965L10,ARNC,ARCONIC INC,44320110,25.705,26.045,25.82,25.82,25.83,25.93
24643,7/9/2019,03965L10,ARNC,ARCONIC INC,44320110,25.6252,25.875,25.84,25.84,25.85,25.72
24643,7/10/2019,03965L10,ARNC,ARCONIC INC,44320110,25.75,26.0989,25.79,25.78,25.79,26
24643,7/11/2019,03965L10,ARNC,ARCONIC INC,44320110,25.64,25.82,25.72,25.71,25.72,25.78
24643,7/12/2019,03965L10,ARNC,ARCONIC INC,44320110,25.72,26.01,26,25.99,26,25.83
24643,7/15/2019,03965L10,ARNC,ARCONIC INC,44320110,25.565,26.05,25.82,25.81,25.82,26
24643,7/16/2019,03965L10,ARNC,ARCONIC INC,44320110,25.703,25.97,25.78,25.77,25.78,25.78
24643,7/17/2019,03965L10,ARNC,ARCONIC INC,44320110,25.23,25.77,25.3,25.29,25.3,25.77
24643,7/18/2019,03965L10,ARNC,ARCONIC INC,44320110,24.77,25.14,25.14,25.12,25.13,25.04
24643,7/19/2019,03965L10,ARNC,ARCONIC INC,44320110,25.13,25.39,25.18,25.17,25.18,25.38
24643,7/22/2019,03965L10,ARNC,ARCONIC INC,44320110,25.09,25.315,25.13,25.13,25.14,25.15
24643,7/23/2019,03965L10,ARNC,ARCONIC INC,44320110,25.02,25.35,25.16,25.15,25.16,25.32
24643,7/24/2019,03965L10,ARNC,ARCONIC INC,44320110,25.01,25.71,25.65,25.64,25.65,25.1
24643,7/25/2019,03965L10,ARNC,ARCONIC INC,44320110,25.325,25.72,25.61,25.59,25.6,25.64
24643,7/26/2019,03965L10,ARNC,ARCONIC INC,44320110,25.54,25.78,25.74,25.73,25.74,25.54
24643,7/29/2019,03965L10,ARNC,ARCONIC INC,44320110,25.12,25.79,25.15,25.15,25.16,25.74
24643,7/30/2019,03965L10,ARNC,ARCONIC INC,44320110,24.79,25.17,25.14,25.13,25.14,25.1
24643,7/31/2019,03965L10,ARNC,ARCONIC INC,44320110,24.85,25.43,25.04,25.03,25.04,25.16
24643,8/1/2019,03965L10,ARNC,ARCONIC INC,44320110,24.29,24.91,24.36,24.38,24.39,24.91
24643,8/2/2019,03965L10,ARNC,ARCONIC INC,44320110,23.18,26,23.76,23.75,23.76,25.76
24643,8/5/2019,03965L10,ARNC,ARCONIC INC,44320110,23.15,24.02,23.56,23.55,23.56,23.33
24643,8/6/2019,03965L10,ARNC,ARCONIC INC,44320110,23.6,24.6867,24.57,24.57,24.58,23.82
24643,8/7/2019,03965L10,ARNC,ARCONIC INC,44320110,24.11,25.23,25.21,25.21,25.22,24.61
24643,8/8/2019,03965L10,ARNC,ARCONIC INC,44320110,25.125,25.83,25.43,25.43,25.44,25.43
24643,8/9/2019,03965L10,ARNC,ARCONIC INC,44320110,25.085,25.71,25.22,25.21,25.22,25.51
24643,8/12/2019,03965L10,ARNC,ARCONIC INC,44320110,24.89,25.38,25.2,25.2,25.17,25.01
24643,8/13/2019,03965L10,ARNC,ARCONIC INC,44320110,24.94,25.7,25.39,25.38,25.39,25.07
24643,8/14/2019,03965L10,ARNC,ARCONIC INC,44320110,24.6568,25.17,24.77,24.76,24.77,25.03
24643,8/15/2019,03965L10,ARNC,ARCONIC INC,44320110,24.4,24.82,24.57,24.56,24.57,24.82
24643,8/16/2019,03965L10,ARNC,ARCONIC INC,44320110,24.595,24.967,24.84,24.83,24.84,24.71
24643,8/19/2019,03965L10,ARNC,ARCONIC INC,44320110,24.92,25.1899,25.03,25.01,25.02,25.07
24643,8/20/2019,03965L10,ARNC,ARCONIC INC,44320110,24.72,25.275,25.23,25.23,25.24,24.93
24643,8/21/2019,03965L10,ARNC,ARCONIC INC,44320110,25.17,25.56,25.2,25.2,25.21,25.56
24643,8/22/2019,03965L10,ARNC,ARCONIC INC,44320110,24.96,25.43,25.1,25.09,25.1,25.21
24643,8/23/2019,03965L10,ARNC,ARCONIC INC,44320110,24.11,25.27,24.31,24.31,24.32,24.9
24643,8/26/2019,03965L10,ARNC,ARCONIC INC,44320110,24.39,25.19,25.05,25.06,25.07,24.57
24643,8/27/2019,03965L10,ARNC,ARCONIC INC,44320110,24.975,25.48,25.18,25.17,25.18,25.09
24643,8/28/2019,03965L10,ARNC,ARCONIC INC,44320110,24.77,25.59,25.43,25.42,25.43,25.19
24643,8/29/2019,03965L10,ARNC,ARCONIC INC,44320110,25.56,26,25.81,25.8,25.81,25.75
24643,8/30/2019,03965L10,ARNC,ARCONIC INC,44320110,25.69,26.08,25.84,25.82,25.83,26
24643,9/3/2019,03965L10,ARNC,ARCONIC INC,44320110,25.51,26,25.98,25.99,26,25.71
24643,9/4/2019,03965L10,ARNC,ARCONIC INC,44320110,25.87,26.14,25.98,25.97,25.98,26.09
24643,9/5/2019,03965L10,ARNC,ARCONIC INC,44320110,25.87,26.2,26.01,25.99,26,26.07
24643,9/6/2019,03965L10,ARNC,ARCONIC INC,44320110,25.84,26.25,25.99,25.99,26,26.12
24643,9/9/2019,03965L10,ARNC,ARCONIC INC,44320110,25.99,26.43,26.3,26.29,26.3,26.1
24643,9/10/2019,03965L10,ARNC,ARCONIC INC,44320110,26.2,26.74,26.71,26.7,26.71,26.27
24643,9/11/2019,03965L10,ARNC,ARCONIC INC,44320110,26.4,26.905,26.89,26.89,26.9,26.59
24643,9/12/2019,03965L10,ARNC,ARCONIC INC,44320110,26.84,27.17,27.02,27.02,27.03,27
24643,9/13/2019,03965L10,ARNC,ARCONIC INC,44320110,26.932,27.245,27.09,27.07,27.08,27.18
24643,9/16/2019,03965L10,ARNC,ARCONIC INC,44320110,27,27.37,27.2,27.19,27.2,27
24643,9/17/2019,03965L10,ARNC,ARCONIC INC,44320110,26.82,27.36,27.24,27.24,27.25,27.1
24643,9/18/2019,03965L10,ARNC,ARCONIC INC,44320110,26.92,27.34,27.31,27.31,27.32,27.16
24643,9/19/2019,03965L10,ARNC,ARCONIC INC,44320110,27.07,27.405,27.14,27.13,27.14,27.33
24643,9/20/2019,03965L10,ARNC,ARCONIC INC,44320110,26.49,27.305,26.72,26.71,26.72,27.23
24643,9/23/2019,03965L10,ARNC,ARCONIC INC,44320110,26.46,26.8,26.77,26.75,26.76,26.6
24643,9/24/2019,03965L10,ARNC,ARCONIC INC,44320110,26.49,27.01,26.53,26.54,26.55,26.8
24643,9/25/2019,03965L10,ARNC,ARCONIC INC,44320110,26.23,26.65,26.49,26.5,26.51,26.48
24643,9/26/2019,03965L10,ARNC,ARCONIC INC,44320110,26.22,26.6,26.3,26.3,26.31,26.55
24643,9/27/2019,03965L10,ARNC,ARCONIC INC,44320110,26.055,26.48,26.11,26.11,26.12,26.33
24643,9/30/2019,03965L10,ARNC,ARCONIC INC,44320110,25.9,26.19,26,25.98,25.99,26.1
24643,10/1/2019,03965L10,ARNC,ARCONIC INC,44320110,25.04,26.12,25.26,25.26,25.27,26.03
24643,10/2/2019,03965L10,ARNC,ARCONIC INC,44320110,23.97,25.05,24.2,24.21,24.22,25
24643,10/3/2019,03965L10,ARNC,ARCONIC INC,44320110,23.74,24.275,24.25,24.24,24.25,24.17
24643,10/4/2019,03965L10,ARNC,ARCONIC INC,44320110,23.955,24.5,24.49,24.49,24.5,24.21
24643,10/7/2019,03965L10,ARNC,ARCONIC INC,44320110,24.54,24.975,24.75,24.75,24.76,24.85
24643,10/8/2019,03965L10,ARNC,ARCONIC INC,44320110,24.55,25.17,24.87,24.86,24.87,24.65
24643,10/9/2019,03965L10,ARNC,ARCONIC INC,44320110,25,25.69,25.59,25.59,25.6,25.14
24643,10/10/2019,03965L10,ARNC,ARCONIC INC,44320110,25.41,26.1,26.02,26.02,26.03,25.58
24643,10/11/2019,03965L10,ARNC,ARCONIC INC,44320110,26.35,26.79,26.45,26.45,26.46,26.35
24643,10/14/2019,03965L10,ARNC,ARCONIC INC,44320110,26.69,26.99,26.84,26.83,26.85,26.79
24643,10/15/2019,03965L10,ARNC,ARCONIC INC,44320110,26.91,27.92,27.86,27.86,27.87,27
24643,10/16/2019,03965L10,ARNC,ARCONIC INC,44320110,27.47,27.92,27.51,27.5,27.51,27.84
24643,10/17/2019,03965L10,ARNC,ARCONIC INC,44320110,27.44,27.78,27.7,27.69,27.7,27.63
24643,10/18/2019,03965L10,ARNC,ARCONIC INC,44320110,27,27.68,27.01,27,27.01,27.68
24643,10/21/2019,03965L10,ARNC,ARCONIC INC,44320110,26.95,27.3591,27.04,27.04,27.05,27.13
24643,10/22/2019,03965L10,ARNC,ARCONIC INC,44320110,26.88,27.24,27.08,27.08,27.09,27.07
24643,10/23/2019,03965L10,ARNC,ARCONIC INC,44320110,26.92,27.36,27.24,27.24,27.25,27.04
24643,10/24/2019,03965L10,ARNC,ARCONIC INC,44320110,27.06,27.45,27.43,27.42,27.43,27.31
24643,10/25/2019,03965L10,ARNC,ARCONIC INC,44320110,27.37,27.68,27.64,27.63,27.64,27.43
24643,10/28/2019,03965L10,ARNC,ARCONIC INC,44320110,27.595,27.93,27.66,27.65,27.66,27.7
24643,10/29/2019,03965L10,ARNC,ARCONIC INC,44320110,27.5,27.93,27.69,27.68,27.69,27.56
24643,10/30/2019,03965L10,ARNC,ARCONIC INC,44320110,27.2,27.6463,27.53,27.52,27.53,27.6
24643,10/31/2019,03965L10,ARNC,ARCONIC INC,44320110,27.135,27.49,27.47,27.47,27.48,27.49
24643,11/1/2019,03965L10,ARNC,ARCONIC INC,44320110,27.62,28.54,28.54,28.52,28.53,27.74
24643,11/4/2019,03965L10,ARNC,ARCONIC INC,44320110,28.63,28.91,28.78,28.75,28.76,28.83
24643,11/5/2019,03965L10,ARNC,ARCONIC INC,44320110,27.54,29.55,29.51,29.5,29.51,28.27
24643,11/6/2019,03965L10,ARNC,ARCONIC INC,44320110,29.06,29.51,29.44,29.44,29.45,29.51
24643,11/7/2019,03965L10,ARNC,ARCONIC INC,44320110,28.83,29.52,28.91,28.92,28.93,29.44
24643,11/8/2019,03965L10,ARNC,ARCONIC INC,44320110,28.755,29.1,28.97,28.96,28.97,28.95
24643,11/11/2019,03965L10,ARNC,ARCONIC INC,44320110,28.9,29.55,29.51,29.5,29.51,29
24643,11/12/2019,03965L10,ARNC,ARCONIC INC,44320110,29.31,29.62,29.5,29.49,29.5,29.44
24643,11/13/2019,03965L10,ARNC,ARCONIC INC,44320110,29.2,29.66,29.5,29.5,29.51,29.28
24643,11/14/2019,03965L10,ARNC,ARCONIC INC,44320110,29.4671,30.32,30.22,30.22,30.23,29.6
24643,11/15/2019,03965L10,ARNC,ARCONIC INC,44320110,30.2,30.895,30.86,30.86,30.87,30.39
24643,11/18/2019,03965L10,ARNC,ARCONIC INC,44320110,30.64,31.225,31.06,31.07,31.08,30.78
24643,11/19/2019,03965L10,ARNC,ARCONIC INC,44320110,30.91,31.09,31.01,31.01,31.02,31.04
24643,11/20/2019,03965L10,ARNC,ARCONIC INC,44320110,30.63,31.03,30.83,30.81,30.82,30.88
24643,11/21/2019,03965L10,ARNC,ARCONIC INC,44320110,30.56,31.11,30.61,30.61,30.62,30.7
24643,11/22/2019,03965L10,ARNC,ARCONIC INC,44320110,30.45,30.8166,30.55,30.54,30.55,30.68
24643,11/25/2019,03965L10,ARNC,ARCONIC INC,44320110,30.635,30.98,30.96,30.95,30.96,30.68
24643,11/26/2019,03965L10,ARNC,ARCONIC INC,44320110,30.82,31.3,31.29,31.28,31.29,30.98
24643,11/27/2019,03965L10,ARNC,ARCONIC INC,44320110,31.08,31.4,31.26,31.25,31.26,31.29
24643,11/29/2019,03965L10,ARNC,ARCONIC INC,44320110,30.93,31.23,30.96,30.99,31.01,31.2
24643,12/2/2019,03965L10,ARNC,ARCONIC INC,44320110,30.56,31.19,30.56,30.57,30.58,31.08
24643,12/3/2019,03965L10,ARNC,ARCONIC INC,44320110,30.01,30.81,30.7,30.69,30.7,30.26
24643,12/4/2019,03965L10,ARNC,ARCONIC INC,44320110,30.3,30.92,30.32,30.31,30.32,30.86
24643,12/5/2019,03965L10,ARNC,ARCONIC INC,44320110,30.27,30.545,30.48,30.48,30.49,30.49
24643,12/6/2019,03965L10,ARNC,ARCONIC INC,44320110,30.62,31.05,31.02,31.02,31.03,30.76
24643,12/9/2019,03965L10,ARNC,ARCONIC INC,44320110,30.67,31.05,30.79,30.78,30.79,30.81
24643,12/10/2019,03965L10,ARNC,ARCONIC INC,44320110,30.91,31.145,31.01,31.01,31.02,30.95
24643,12/11/2019,03965L10,ARNC,ARCONIC INC,44320110,31.06,31.31,31.23,31.22,31.23,31.19
24643,12/12/2019,03965L10,ARNC,ARCONIC INC,44320110,31.15,31.745,31.62,31.62,31.63,31.26
24643,12/13/2019,03965L10,ARNC,ARCONIC INC,44320110,31.4001,31.79,31.65,31.65,31.66,31.53
24643,12/16/2019,03965L10,ARNC,ARCONIC INC,44320110,31.59,31.985,31.8,31.8,31.81,31.59
24643,12/17/2019,03965L10,ARNC,ARCONIC INC,44320110,31.195,31.805,31.48,31.47,31.48,31.75
24643,12/18/2019,03965L10,ARNC,ARCONIC INC,44320110,30.76,31.35,30.77,30.76,30.77,31.33
24643,12/19/2019,03965L10,ARNC,ARCONIC INC,44320110,30.64,31.0685,31,31,31.01,30.8
24643,12/20/2019,03965L10,ARNC,ARCONIC INC,44320110,31.01,31.39,31.39,31.38,31.39,31.23
24643,12/23/2019,03965L10,ARNC,ARCONIC INC,44320110,31.31,31.66,31.53,31.52,31.53,31.32
24643,12/24/2019,03965L10,ARNC,ARCONIC INC,44320110,31.28,31.58,31.31,31.27,31.31,31.57
24643,12/26/2019,03965L10,ARNC,ARCONIC INC,44320110,31.02,31.42,31.2,31.19,31.2,31.37
24643,12/27/2019,03965L10,ARNC,ARCONIC INC,44320110,31.03,31.34,31.14,31.13,31.14,31.23
24643,12/30/2019,03965L10,ARNC,ARCONIC INC,44320110,30.765,31.225,30.87,30.87,30.88,31.12
24643,12/31/2019,03965L10,ARNC,ARCONIC INC,44320110,30.625,30.925,30.77,30.76,30.77,30.85
24643,1/2/2020,03965L10,ARNC,ARCONIC INC,44320110,30.82,31.54,31.54,31.53,31.54,30.91
24643,1/3/2020,03965L10,ARNC,ARCONIC INC,44320110,30.92,31.53,31.49,31.48,31.49,31.1
24643,1/6/2020,03965L10,ARNC,ARCONIC INC,44320110,31,31.54,31.21,31.2,31.21,31.35
24643,1/7/2020,03965L10,ARNC,ARCONIC INC,44320110,30.95,31.51,31.41,31.41,31.42,31.28
24643,1/8/2020,03965L10,ARNC,ARCONIC INC,44320110,30.7,31.3,30.72,30.71,30.72,31.27
24643,1/9/2020,03965L10,ARNC,ARCONIC INC,44320110,29.59,30.65,29.77,29.76,29.77,30.51
24643,1/10/2020,03965L10,ARNC,ARCONIC INC,44320110,28.745,29.73,28.85,28.84,28.85,29.73
24643,1/13/2020,03965L10,ARNC,ARCONIC INC,44320110,28.76,29.5,29.45,29.44,29.45,29.01
24643,1/14/2020,03965L10,ARNC,ARCONIC INC,44320110,29.27,29.725,29.58,29.58,29.59,29.34
24643,1/15/2020,03965L10,ARNC,ARCONIC INC,44320110,29,29.66,29.19,29.18,29.19,29.4
24643,1/16/2020,03965L10,ARNC,ARCONIC INC,44320110,28.95,30.01,30,30,30.01,28.95
24643,1/17/2020,03965L10,ARNC,ARCONIC INC,44320110,29.22,30.13,29.32,29.32,29.33,30.11
24643,1/21/2020,03965L10,ARNC,ARCONIC INC,44320110,29.04,29.58,29.4,29.37,29.38,29.07
24643,1/22/2020,03965L10,ARNC,ARCONIC INC,44320110,28.16,29.07,28.84,28.82,28.83,28.37
24643,1/23/2020,03965L10,ARNC,ARCONIC INC,44320110,28.59,29.6,29.53,29.53,29.54,28.72
24643,1/24/2020,03965L10,ARNC,ARCONIC INC,44320110,28.76,29.81,29.11,29.11,29.12,29.69
24643,1/27/2020,03965L10,ARNC,ARCONIC INC,44320110,28.49,30.99,30.67,30.64,30.65,28.57
24643,1/28/2020,03965L10,ARNC,ARCONIC INC,44320110,31,31.57,31.47,31.47,31.48,31.03
24643,1/29/2020,03965L10,ARNC,ARCONIC INC,44320110,30.65,31.52,31.15,31.15,31.16,31.38
24643,1/30/2020,03965L10,ARNC,ARCONIC INC,44320110,30.04,31,30.45,30.44,30.45,30.82
24643,1/31/2020,03965L10,ARNC,ARCONIC INC,44320110,29.855,30.39,29.95,29.95,29.96,30.3
24643,2/3/2020,03965L10,ARNC,ARCONIC INC,44320110,29.97,30.37,30.06,30.07,30.08,30.14
24643,2/4/2020,03965L10,ARNC,ARCONIC INC,44320110,30.26,30.5643,30.48,30.48,30.49,30.38
24643,2/5/2020,03965L10,ARNC,ARCONIC INC,44320110,30.63,31.34,31.26,31.26,31.27,30.68
24643,2/6/2020,03965L10,ARNC,ARCONIC INC,44320110,30.785,31.53,31.4,31.4,31.41,31.32
24643,2/7/2020,03965L10,ARNC,ARCONIC INC,44320110,30.964,31.36,31.3,31.27,31.28,31.35
24643,2/10/2020,03965L10,ARNC,ARCONIC INC,44320110,31.11,31.68,31.65,31.64,31.65,31.3
24643,2/11/2020,03965L10,ARNC,ARCONIC INC,44320110,31.75,32.595,32.02,32.02,32.03,31.83
24643,2/12/2020,03965L10,ARNC,ARCONIC INC,44320110,32.04,32.955,32.81,32.8,32.81,32.04
24643,2/13/2020,03965L10,ARNC,ARCONIC INC,44320110,32.5,33.45,32.95,32.93,32.94,32.71
24643,2/14/2020,03965L10,ARNC,ARCONIC INC,44320110,32.75,33.38,33.36,33.35,33.36,32.85
24643,2/18/2020,03965L10,ARNC,ARCONIC INC,44320110,32.91,33.32,33.18,33.18,33.19,33.32
24643,2/19/2020,03965L10,ARNC,ARCONIC INC,44320110,33.27,34.27,34.07,34.09,34.1,33.3
24643,2/20/2020,03965L10,ARNC,ARCONIC INC,44320110,32.88,34.1,33.7,33.69,33.7,34.1
24643,2/21/2020,03965L10,ARNC,ARCONIC INC,44320110,33.21,33.65,33.47,33.48,33.49,33.47
24643,2/24/2020,03965L10,ARNC,ARCONIC INC,44320110,32.24,33.23,33.07,33.06,33.07,32.4
24643,2/25/2020,03965L10,ARNC,ARCONIC INC,44320110,31.38,33.3,31.71,31.71,31.72,33.2
24643,2/26/2020,03965L10,ARNC,ARCONIC INC,44320110,31.65,32.6,31.85,31.85,31.86,31.84
24643,2/27/2020,03965L10,ARNC,ARCONIC INC,44320110,30.24,31.39,30.38,30.37,30.38,30.83
24643,2/28/2020,03965L10,ARNC,ARCONIC INC,44320110,28.7,29.77,29.35,29.34,29.35,29.27
24643,3/2/2020,03965L10,ARNC,ARCONIC INC,44320110,28.98,29.95,29.95,29.94,29.95,29.48
24643,3/3/2020,03965L10,ARNC,ARCONIC INC,44320110,28.73,30.69,28.79,28.77,28.79,29.87
24643,3/4/2020,03965L10,ARNC,ARCONIC INC,44320110,28.56,29.47,29.16,29.16,29.17,29.38
24643,3/5/2020,03965L10,ARNC,ARCONIC INC,44320110,26.65,28.37,26.75,26.75,26.76,28.35
24643,3/6/2020,03965L10,ARNC,ARCONIC INC,44320110,25.3,26.62,25.95,25.94,25.95,25.79
24643,3/9/2020,03965L10,ARNC,ARCONIC INC,44320110,22.85,24.32,23.04,23.03,23.04,24.13
24643,3/10/2020,03965L10,ARNC,ARCONIC INC,44320110,23.26,24.51,24.3,24.29,24.3,23.98
24643,3/11/2020,03965L10,ARNC,ARCONIC INC,44320110,21.672,23.58,22.11,22.1,22.11,23.42
24643,3/12/2020,03965L10,ARNC,ARCONIC INC,44320110,19.65,21.06,19.88,19.87,19.88,20.31
24643,3/13/2020,03965L10,ARNC,ARCONIC INC,44320110,19.435,21.19,20.52,20.51,20.52,21.16
24643,3/16/2020,03965L10,ARNC,ARCONIC INC,44320110,17.16,19.18,17.44,17.43,17.44,18
24643,3/17/2020,03965L10,ARNC,ARCONIC INC,44320110,16.86,18.43,17.65,17.63,17.65,17.88
24643,3/18/2020,03965L10,ARNC,ARCONIC INC,44320110,13.625,16.34,15.68,15.67,15.68,16.18
24643,3/19/2020,03965L10,ARNC,ARCONIC INC,44320110,14.1377,16.14,15.85,15.84,15.85,15.28
24643,3/20/2020,03965L10,ARNC,ARCONIC INC,44320110,13,16,13.25,13.25,13.27,15.88
24643,3/23/2020,03965L10,ARNC,ARCONIC INC,44320110,11.38,13.23,11.99,11.98,11.99,13.2
24643,3/24/2020,03965L10,ARNC,ARCONIC INC,44320110,12.6,15.33,15.15,15.15,15.16,12.73
24643,3/25/2020,03965L10,ARNC,ARCONIC INC,44320110,14.8,16.88,16.17,16.18,16.19,15.26
24643,3/26/2020,03965L10,ARNC,ARCONIC INC,44320110,15.88,17.83,17.72,17.7,17.72,16.42
24643,3/27/2020,03965L10,ARNC,ARCONIC INC,44320110,15.78,17.2,16.68,16.65,16.66,16.67
24643,3/30/2020,03965L10,ARNC,ARCONIC INC,44320110,15.66,16.8,16.4,16.39,16.4,16.75
24643,3/31/2020,03965L10,ARNC,ARCONIC INC,44320110,15.6702,16.52,16.06,16.06,16.07,16.23
24643,4/1/2020,44320110,HWM,HOWMET AEROSPACE INC,44320110,12.7101,15.4,13.2,13.16,13.18,15.4
24643,4/2/2020,44320110,HWM,HOWMET AEROSPACE INC,44320110,12,13.71,12.5,12.48,12.49,12.97
24643,4/3/2020,44320110,HWM,HOWMET AEROSPACE INC,44320110,11.85,12.69,12.54,12.51,12.53,12.1
24643,4/6/2020,44320110,HWM,HOWMET AEROSPACE INC,44320110,12.33,14,12.69,12.65,12.68,13.04
24643,4/7/2020,44320110,HWM,HOWMET AEROSPACE INC,44320110,12.01,13.97,12.11,12.09,12.11,13.46
24643,4/8/2020,44320110,HWM,HOWMET AEROSPACE INC,44320110,12.31,13.39,13.08,13.07,13.08,12.5
24643,4/9/2020,44320110,HWM,HOWMET AEROSPACE INC,44320110,13.21,14.16,13.25,13.25,13.32,13.89
24643,4/13/2020,44320110,HWM,HOWMET AEROSPACE INC,44320110,12.21,13.38,12.6,12.55,12.58,13.16
24643,4/14/2020,44320110,HWM,HOWMET AEROSPACE INC,44320110,11.97,13.06,12.2,12.18,12.2,12.83
24643,4/15/2020,44320110,HWM,HOWMET AEROSPACE INC,44320110,10.335,12.1,11.37,11.31,11.32,12.07
24643,4/16/2020,44320110,HWM,HOWMET AEROSPACE INC,44320110,10.4,11.35,10.74,10.73,10.74,10.93
24643,4/17/2020,44320110,HWM,HOWMET AEROSPACE INC,44320110,11.09,11.7,11.65,11.6,11.61,11.25
24643,4/20/2020,44320110,HWM,HOWMET AEROSPACE INC,44320110,11.39,12.57,11.64,11.61,11.62,11.62
24643,4/21/2020,44320110,HWM,HOWMET AEROSPACE INC,44320110,10.58,11.5,10.59,10.59,10.6,11.37
24643,4/22/2020,44320110,HWM,HOWMET AEROSPACE INC,44320110,10.66,11.3,10.83,10.84,10.85,10.94
24643,4/23/2020,44320110,HWM,HOWMET AEROSPACE INC,44320110,10.77,11.39,11,11,11.01,10.81
24643,4/24/2020,44320110,HWM,HOWMET AEROSPACE INC,44320110,10.58,11.33,10.81,10.81,10.82,11.07
24643,4/27/2020,44320110,HWM,HOWMET AEROSPACE INC,44320110,10.86,11.555,11.41,11.41,11.42,10.9
24643,4/28/2020,44320110,HWM,HOWMET AEROSPACE INC,44320110,11.57,12.25,11.99,11.99,12,11.68
24643,4/29/2020,44320110,HWM,HOWMET AEROSPACE INC,44320110,12.33,13.93,13.89,13.89,13.9,12.4
24643,4/30/2020,44320110,HWM,HOWMET AEROSPACE INC,44320110,12.81,13.65,13.07,13.07,13.08,13.56
24643,5/1/2020,44320110,HWM,HOWMET AEROSPACE INC,44320110,12.2,12.96,12.54,12.55,12.56,12.92
24643,5/4/2020,44320110,HWM,HOWMET AEROSPACE INC,44320110,11.42,12.36,11.95,11.95,11.96,12.3
24643,5/5/2020,44320110,HWM,HOWMET AEROSPACE INC,44320110,12.16,13.04,12.21,12.19,12.23,12.45
24643,5/6/2020,44320110,HWM,HOWMET AEROSPACE INC,44320110,11.45,12.35,11.49,11.48,11.49,12.27
24643,5/7/2020,44320110,HWM,HOWMET AEROSPACE INC,44320110,11.5,12.3,11.87,11.87,11.88,11.5
24643,5/8/2020,44320110,HWM,HOWMET AEROSPACE INC,44320110,11.96,12.64,12.62,12.61,12.62,11.96
24643,5/11/2020,44320110,HWM,HOWMET AEROSPACE INC,44320110,11.71,12.48,11.76,11.76,11.78,12.26
24643,5/12/2020,44320110,HWM,HOWMET AEROSPACE INC,44320110,11.11,12.1,11.12,11.11,11.12,11.85
24643,5/13/2020,44320110,HWM,HOWMET AEROSPACE INC,44320110,10.51,11.06,10.65,10.64,10.65,11
24643,5/14/2020,44320110,HWM,HOWMET AEROSPACE INC,44320110,9.87,11.3,11.25,11.25,11.26,10.4
24643,5/15/2020,44320110,HWM,HOWMET AEROSPACE INC,44320110,10.74,11.2,10.77,10.77,10.78,11.06
24643,5/18/2020,44320110,HWM,HOWMET AEROSPACE INC,44320110,11.295,12.42,12.34,12.33,12.34,11.3
24643,5/19/2020,44320110,HWM,HOWMET AEROSPACE INC,44320110,11.9,12.47,12.05,12.05,12.06,12.29
24643,5/20/2020,44320110,HWM,HOWMET AEROSPACE INC,44320110,12.26,13,12.75,12.74,12.75,12.28
24643,5/21/2020,44320110,HWM,HOWMET AEROSPACE INC,44320110,12.365,12.97,12.43,12.42,12.43,12.62
24643,5/22/2020,44320110,HWM,HOWMET AEROSPACE INC,44320110,12.07,12.67,12.37,12.36,12.37,12.45
24643,5/26/2020,44320110,HWM,HOWMET AEROSPACE INC,44320110,12.94,13.4,13.06,13.06,13.07,13.17
24643,5/27/2020,44320110,HWM,HOWMET AEROSPACE INC,44320110,12.9,14.16,14.02,14.02,14.03,13.33
24643,5/28/2020,44320110,HWM,HOWMET AEROSPACE INC,44320110,13.27,14.36,13.28,13.27,13.28,14.35
24643,5/29/2020,44320110,HWM,HOWMET AEROSPACE INC,44320110,12.8,13.435,13.08,13.06,13.07,13.23
24643,6/1/2020,44320110,HWM,HOWMET AEROSPACE INC,44320110,13.1,13.76,13.41,13.41,13.42,13.16
24643,6/2/2020,44320110,HWM,HOWMET AEROSPACE INC,44320110,13.36,14.2,13.99,13.99,14,13.41
24643,6/3/2020,44320110,HWM,HOWMET AEROSPACE INC,44320110,14.31,15.19,15.17,15.17,15.18,14.44
24643,6/4/2020,44320110,HWM,HOWMET AEROSPACE INC,44320110,15.01,15.65,15.53,15.52,15.53,15.17
24643,6/5/2020,44320110,HWM,HOWMET AEROSPACE INC,44320110,16.33,17.26,17.16,17.15,17.16,16.81
24643,6/8/2020,44320110,HWM,HOWMET AEROSPACE INC,44320110,17.66,18.38,17.73,17.73,17.74,18.02
24643,6/9/2020,44320110,HWM,HOWMET AEROSPACE INC,44320110,16.055,17.2,16.22,16.21,16.22,17.03
24643,6/10/2020,44320110,HWM,HOWMET AEROSPACE INC,44320110,14.73,16.03,14.97,14.96,14.97,16.03
24643,6/11/2020,44320110,HWM,HOWMET AEROSPACE INC,44320110,12.98,14.27,12.98,12.98,12.99,13.87
24643,6/12/2020,44320110,HWM,HOWMET AEROSPACE INC,44320110,13.28,14.16,14,14,14.01,14.05
24643,6/15/2020,44320110,HWM,HOWMET AEROSPACE INC,44320110,13.08,14.66,14.52,14.52,14.53,13.14
24643,6/16/2020,44320110,HWM,HOWMET AEROSPACE INC,44320110,14.8,15.6267,15.23,15.23,15.25,15.38
24643,6/17/2020,44320110,HWM,HOWMET AEROSPACE INC,44320110,14.79,15.46,14.8,14.8,14.81,15.4
24643,6/18/2020,44320110,HWM,HOWMET AEROSPACE INC,44320110,14.42,14.92,14.58,14.58,14.59,14.53
24643,6/19/2020,44320110,HWM,HOWMET AEROSPACE INC,44320110,13.82,15.25,13.94,13.94,13.95,15
24643,6/22/2020,44320110,HWM,HOWMET AEROSPACE INC,44320110,13.565,14.7,14.65,14.65,14.66,13.91
24643,6/23/2020,44320110,HWM,HOWMET AEROSPACE INC,44320110,14.09,15.16,15.04,15.04,15.06,14.66
24643,6/24/2020,44320110,HWM,HOWMET AEROSPACE INC,44320110,14.33,14.96,14.62,14.62,14.63,14.77
24643,6/25/2020,44320110,HWM,HOWMET AEROSPACE INC,44320110,14.19,15.26,15.2,15.22,15.23,14.29
24643,6/26/2020,44320110,HWM,HOWMET AEROSPACE INC,44320110,14.971,15.49,15.42,15.42,15.43,15.36
24643,6/29/2020,44320110,HWM,HOWMET AEROSPACE INC,44320110,15.5101,16.305,16.22,16.21,16.22,15.78
24643,6/30/2020,44320110,HWM,HOWMET AEROSPACE INC,44320110,15.74,16.285,15.85,15.84,15.85,16.02
24643,7/1/2020,44320110,HWM,HOWMET AEROSPACE INC,44320110,15.24,16.24,15.28,15.28,15.29,15.93
24643,7/2/2020,44320110,HWM,HOWMET AEROSPACE INC,44320110,15.16,15.87,15.31,15.3,15.31,15.63
24643,7/6/2020,44320110,HWM,HOWMET AEROSPACE INC,44320110,15.415,15.88,15.74,15.74,15.75,15.77
24643,7/7/2020,44320110,HWM,HOWMET AEROSPACE INC,44320110,15.06,15.62,15.14,15.13,15.15,15.56
24643,7/8/2020,44320110,HWM,HOWMET AEROSPACE INC,44320110,14.96,15.43,15.33,15.33,15.34,15.04
24643,7/9/2020,44320110,HWM,HOWMET AEROSPACE INC,44320110,14.74,15.22,14.77,14.78,14.79,15.05
24643,7/10/2020,44320110,HWM,HOWMET AEROSPACE INC,44320110,14.64,15.35,15.33,15.32,15.33,14.77
24643,7/13/2020,44320110,HWM,HOWMET AEROSPACE INC,44320110,15.0625,15.7,15.23,15.21,15.22,15.38
24643,7/14/2020,44320110,HWM,HOWMET AEROSPACE INC,44320110,15.05,15.7,15.69,15.68,15.69,15.08
24643,7/15/2020,44320110,HWM,HOWMET AEROSPACE INC,44320110,15.97,16.73,16.7,16.7,16.71,16.12
24643,7/16/2020,44320110,HWM,HOWMET AEROSPACE INC,44320110,16.05,16.61,16.2,16.19,16.2,16.61
24643,7/17/2020,44320110,HWM,HOWMET AEROSPACE INC,44320110,15.94,16.54,16.45,16.44,16.45,16.21
24643,7/20/2020,44320110,HWM,HOWMET AEROSPACE INC,44320110,15.37,16.35,15.68,15.67,15.68,16.22
24643,7/21/2020,44320110,HWM,HOWMET AEROSPACE INC,44320110,15.8,16.255,16.1,16.1,16.11,15.9
24643,7/22/2020,44320110,HWM,HOWMET AEROSPACE INC,44320110,15.775,16.18,16.14,16.13,16.14,15.92
24643,7/23/2020,44320110,HWM,HOWMET AEROSPACE INC,44320110,15.62,16.18,15.75,15.75,15.76,16.05
24643,7/24/2020,44320110,HWM,HOWMET AEROSPACE INC,44320110,15.445,15.86,15.55,15.55,15.56,15.8
24643,7/27/2020,44320110,HWM,HOWMET AEROSPACE INC,44320110,15.12,15.535,15.24,15.24,15.25,15.46
24643,7/28/2020,44320110,HWM,HOWMET AEROSPACE INC,44320110,15.19,15.72,15.32,15.32,15.33,15.2
24643,7/29/2020,44320110,HWM,HOWMET AEROSPACE INC,44320110,14.76,15.35,15.27,15.27,15.28,15.26
24643,7/30/2020,44320110,HWM,HOWMET AEROSPACE INC,44320110,14.66,15.36,15.13,15.13,15.14,14.99
24643,7/31/2020,44320110,HWM,HOWMET AEROSPACE INC,44320110,14.52,15.12,14.78,14.78,14.79,15.05
24643,8/3/2020,44320110,HWM,HOWMET AEROSPACE INC,44320110,14.61,15.295,15.13,15.13,15.14,14.8
24643,8/4/2020,44320110,HWM,HOWMET AEROSPACE INC,44320110,14.92,15.29,15.02,15.02,15.03,15.12
24643,8/5/2020,44320110,HWM,HOWMET AEROSPACE INC,44320110,15.14,16.15,16.08,16.08,16.09,15.14
24643,8/6/2020,44320110,HWM,HOWMET AEROSPACE INC,44320110,15.32,17.36,17.28,17.28,17.3,15.32
24643,8/7/2020,44320110,HWM,HOWMET AEROSPACE INC,44320110,16.52,17.13,16.96,16.95,16.97,17.13
24643,8/10/2020,44320110,HWM,HOWMET AEROSPACE INC,44320110,16.97,17.95,17.91,17.91,17.92,16.97
24643,8/11/2020,44320110,HWM,HOWMET AEROSPACE INC,44320110,18.215,18.99,18.28,18.27,18.28,18.34
24643,8/12/2020,44320110,HWM,HOWMET AEROSPACE INC,44320110,17.83,18.66,18.09,18.08,18.09,18.6
24643,8/13/2020,44320110,HWM,HOWMET AEROSPACE INC,44320110,17.47,18.02,17.48,17.48,17.49,17.79
24643,8/14/2020,44320110,HWM,HOWMET AEROSPACE INC,44320110,17.28,17.84,17.55,17.55,17.57,17.47
24643,8/17/2020,44320110,HWM,HOWMET AEROSPACE INC,44320110,17.1924,17.64,17.35,17.36,17.37,17.58
24643,8/18/2020,44320110,HWM,HOWMET AEROSPACE INC,44320110,16.89,17.29,16.93,16.93,16.94,17.08
24643,8/19/2020,44320110,HWM,HOWMET AEROSPACE INC,44320110,16.99,17.44,17.12,17.12,17.13,17.14
24643,8/20/2020,44320110,HWM,HOWMET AEROSPACE INC,44320110,16.6856,17.17,16.94,16.94,16.95,16.85
24643,8/21/2020,44320110,HWM,HOWMET AEROSPACE INC,44320110,16.77,17.13,16.91,16.91,16.92,16.88
24643,8/24/2020,44320110,HWM,HOWMET AEROSPACE INC,44320110,16.92,17.5,17.44,17.43,17.44,16.93
24643,8/25/2020,44320110,HWM,HOWMET AEROSPACE INC,44320110,16.99,17.59,17.44,17.43,17.44,17.5
24643,8/26/2020,44320110,HWM,HOWMET AEROSPACE INC,44320110,17.18,17.54,17.19,17.18,17.19,17.47
24643,8/27/2020,44320110,HWM,HOWMET AEROSPACE INC,44320110,17.265,17.73,17.43,17.43,17.44,17.36
24643,8/28/2020,44320110,HWM,HOWMET AEROSPACE INC,44320110,17.5,18.04,18.01,18,18.01,17.56
24643,8/31/2020,44320110,HWM,HOWMET AEROSPACE INC,44320110,17.36,17.995,17.52,17.52,17.53,17.87
24643,9/1/2020,44320110,HWM,HOWMET AEROSPACE INC,44320110,17.2501,17.815,17.54,17.53,17.54,17.37
24643,9/2/2020,44320110,HWM,HOWMET AEROSPACE INC,44320110,17.43,18.36,18.34,18.33,18.34,17.57
24643,9/3/2020,44320110,HWM,HOWMET AEROSPACE INC,44320110,17.57,18.71,17.73,17.72,17.73,18.32
24643,9/4/2020,44320110,HWM,HOWMET AEROSPACE INC,44320110,17.48,18.37,17.7,17.69,17.7,18.07
24643,9/8/2020,44320110,HWM,HOWMET AEROSPACE INC,44320110,17.115,17.675,17.3,17.3,17.31,17.58
24643,9/9/2020,44320110,HWM,HOWMET AEROSPACE INC,44320110,17,17.59,17.12,17.13,17.14,17.5
24643,9/10/2020,44320110,HWM,HOWMET AEROSPACE INC,44320110,16.93,18.11,16.98,16.97,16.98,18.11
24643,9/11/2020,44320110,HWM,HOWMET AEROSPACE INC,44320110,17.01,18.075,17.8,17.81,17.82,17.03
24643,9/14/2020,44320110,HWM,HOWMET AEROSPACE INC,44320110,17.72,18.43,18.39,18.39,18.4,17.97
24643,9/15/2020,44320110,HWM,HOWMET AEROSPACE INC,44320110,18,18.485,18.21,18.21,18.22,18.36
24643,9/16/2020,44320110,HWM,HOWMET AEROSPACE INC,44320110,17.8898,19.02,18.78,18.78,18.79,18.15
24643,9/17/2020,44320110,HWM,HOWMET AEROSPACE INC,44320110,18.31,19.07,18.49,18.49,18.5,18.51
24643,9/18/2020,44320110,HWM,HOWMET AEROSPACE INC,44320110,17.57,18.735,17.7,17.7,17.71,18.3
24643,9/21/2020,44320110,HWM,HOWMET AEROSPACE INC,44320110,16.74,17.21,16.88,16.88,16.89,17.2
24643,9/22/2020,44320110,HWM,HOWMET AEROSPACE INC,44320110,16.63,17.24,17.08,17.07,17.08,16.78
24643,9/23/2020,44320110,HWM,HOWMET AEROSPACE INC,44320110,16.43,17.565,16.44,16.44,16.45,17.11
24643,9/24/2020,44320110,HWM,HOWMET AEROSPACE INC,44320110,16.15,16.78,16.47,16.47,16.48,16.39
24643,9/25/2020,44320110,HWM,HOWMET AEROSPACE INC,44320110,16.26,16.78,16.67,16.67,16.68,16.3
24643,9/28/2020,44320110,HWM,HOWMET AEROSPACE INC,44320110,16.93,17.56,17.19,17.21,17.22,16.93
24643,9/29/2020,44320110,HWM,HOWMET AEROSPACE INC,44320110,17.15,17.57,17.3,17.3,17.31,17.51
24643,9/30/2020,44320110,HWM,HOWMET AEROSPACE INC,44320110,16.595,17.39,16.72,16.71,16.73,17.29
24643,10/1/2020,44320110,HWM,HOWMET AEROSPACE INC,44320110,16.825,17.24,17.23,17.22,17.23,16.94
24643,10/2/2020,44320110,HWM,HOWMET AEROSPACE INC,44320110,16.51,17.97,17.88,17.88,17.89,16.64
24643,10/5/2020,44320110,HWM,HOWMET AEROSPACE INC,44320110,18,18.31,18.18,18.18,18.19,18.03
24643,10/6/2020,44320110,HWM,HOWMET AEROSPACE INC,44320110,17.49,18.43,17.53,17.52,17.53,18.37
24643,10/7/2020,44320110,HWM,HOWMET AEROSPACE INC,44320110,17.61,18.31,18.11,18.11,18.12,17.93
24643,10/8/2020,44320110,HWM,HOWMET AEROSPACE INC,44320110,18.18,18.79,18.73,18.74,18.75,18.24
24643,10/9/2020,44320110,HWM,HOWMET AEROSPACE INC,44320110,18.27,18.9,18.3,18.29,18.3,18.87
24643,10/12/2020,44320110,HWM,HOWMET AEROSPACE INC,44320110,17.81,18.38,18.19,18.19,18.2,18.2
24643,10/13/2020,44320110,HWM,HOWMET AEROSPACE INC,44320110,17.535,17.95,17.85,17.85,17.86,17.94
24643,10/14/2020,44320110,HWM,HOWMET AEROSPACE INC,44320110,17.88,18.35,18.26,18.25,18.26,17.94
24643,10/15/2020,44320110,HWM,HOWMET AEROSPACE INC,44320110,17.74,18.5,18.5,18.49,18.5,18.01
24643,10/16/2020,44320110,HWM,HOWMET AEROSPACE INC,44320110,18.5,18.825,18.59,18.59,18.6,18.75
24643,10/19/2020,44320110,HWM,HOWMET AEROSPACE INC,44320110,18.25,18.845,18.61,18.6,18.61,18.6
24643,10/20/2020,44320110,HWM,HOWMET AEROSPACE INC,44320110,18.21,18.76,18.22,18.22,18.23,18.76
24643,10/21/2020,44320110,HWM,HOWMET AEROSPACE INC,44320110,17.925,18.315,18.14,18.14,18.15,18.14
24643,10/22/2020,44320110,HWM,HOWMET AEROSPACE INC,44320110,18.19,18.88,18.85,18.85,18.86,18.24
24643,10/23/2020,44320110,HWM,HOWMET AEROSPACE INC,44320110,18.645,19.155,18.95,18.94,18.95,19
24643,10/26/2020,44320110,HWM,HOWMET AEROSPACE INC,44320110,18,18.62,18.28,18.27,18.28,18.56
24643,10/27/2020,44320110,HWM,HOWMET AEROSPACE INC,44320110,17.46,18.24,17.53,17.52,17.53,18.12
24643,10/28/2020,44320110,HWM,HOWMET AEROSPACE INC,44320110,16.59,17.22,16.68,16.67,16.68,17.01
24643,10/29/2020,44320110,HWM,HOWMET AEROSPACE INC,44320110,16.57,17.34,17.21,17.2,17.21,16.66
24643,10/30/2020,44320110,HWM,HOWMET AEROSPACE INC,44320110,16.84,17.3,17.25,17.25,17.26,17.14
24643,11/2/2020,44320110,HWM,HOWMET AEROSPACE INC,44320110,17.335,17.97,17.85,17.86,17.87,17.54
24643,11/3/2020,44320110,HWM,HOWMET AEROSPACE INC,44320110,18.07,18.75,18.63,18.62,18.63,18.26
24643,11/4/2020,44320110,HWM,HOWMET AEROSPACE INC,44320110,17.93,18.705,18.17,18.15,18.16,18.39
24643,11/5/2020,44320110,HWM,HOWMET AEROSPACE INC,44320110,18.05,19.11,18.84,18.83,18.84,18.38
24643,11/6/2020,44320110,HWM,HOWMET AEROSPACE INC,44320110,18.67,19.06,18.85,18.84,18.85,18.84
24643,11/9/2020,44320110,HWM,HOWMET AEROSPACE INC,44320110,20,24.46,22.43,22.42,22.43,20.08
24643,11/10/2020,44320110,HWM,HOWMET AEROSPACE INC,44320110,22.45,24.145,23,22.99,23,22.55
24643,11/11/2020,44320110,HWM,HOWMET AEROSPACE INC,44320110,22.065,23.89,22.28,22.27,22.28,23.89
24643,11/12/2020,44320110,HWM,HOWMET AEROSPACE INC,44320110,21.15,22.1,21.44,21.43,21.44,21.83
24643,11/13/2020,44320110,HWM,HOWMET AEROSPACE INC,44320110,21.83,22.55,22.36,22.34,22.35,21.84
24643,11/16/2020,44320110,HWM,HOWMET AEROSPACE INC,44320110,22.88,23.94,23.18,23.18,23.19,23.44
24643,11/17/2020,44320110,HWM,HOWMET AEROSPACE INC,44320110,22.708,23.65,23.5,23.48,23.49,22.73
24643,11/18/2020,44320110,HWM,HOWMET AEROSPACE INC,44320110,23.17,24.02,23.19,23.17,23.18,23.9
24643,11/19/2020,44320110,HWM,HOWMET AEROSPACE INC,44320110,22.675,23.62,23.57,23.56,23.57,22.94
24643,11/20/2020,44320110,HWM,HOWMET AEROSPACE INC,44320110,23.31,23.96,23.95,23.95,23.96,23.475
24643,11/23/2020,44320110,HWM,HOWMET AEROSPACE INC,44320110,24.05,24.7,24.32,24.32,24.33,24.29
24643,11/24/2020,44320110,HWM,HOWMET AEROSPACE INC,44320110,24.75,25.4,25.24,25.23,25.24,25
24643,11/25/2020,44320110,HWM,HOWMET AEROSPACE INC,44320110,24.45,25.36,24.55,24.54,24.55,24.75
24643,11/27/2020,44320110,HWM,HOWMET AEROSPACE INC,44320110,24.32,24.79,24.6,24.57,24.6,24.62
24643,11/30/2020,44320110,HWM,HOWMET AEROSPACE INC,44320110,23.43,24.56,23.46,23.46,23.47,24.36
24643,12/1/2020,44320110,HWM,HOWMET AEROSPACE INC,44320110,23.67,24.54,23.77,23.76,23.77,24.34
